PairID,Text,Pred_Score
ARQ-test-0001,"راسي يوجع بالصح ما رانيش حاب نرقد
 جوايه لحداش هكاك نرقد الوقت هداك هو",0.9976693987846375
ARQ-test-0002,"راه قريب يغلق شهر
 بابا بالخميس راح لتبسة",0.992143452167511
ARQ-test-0003,"أني نمدهولك ما على باليش بلاك نمدهولك لعشية على الساعتين
 هاه ولا الوحدة و نص أي كل مرة كيفماه",0.9914738535881042
ARQ-test-0004,"يعود هو يحشم منك يحشم يدير حاجة ماشي مليحة
 والله دوك راني ندير في الاستدعاءات عندي زوج تلاميد",0.9973986744880676
ARQ-test-0005,"لاباس و انت لاباس أكي بخير
 والله الحمد لله يسقسي عليك الخير",0.9953902959823608
ARQ-test-0006,"ما تخافوش درك نهربوا منهم ما تخافوش
 ما تخافيش رشيدة بنتي ما تخافيش",0.9903825521469116
ARQ-test-0007,"وش من عام
 ﭘﺮوميار اني إينيڢارسيتار",0.996832549571991
ARQ-test-0008,"على بالك وش غاضني خلاه كي روﭘﻮرتاولك لاسوتنونس
 غاضني حمص دوبل زيت و الغدا في الريستورن",0.9920873641967773
ARQ-test-0009,"فوور خويا شمسو توجوور
 بزااف فور فور فور روعة",0.9950402975082397
ARQ-test-0010,"ماشي مشكل
 يسكن هنا",0.9990740418434143
ARQ-test-0011,"أسمعي ما خلصتنيش
 خفت يحكمك الجن",0.9950546622276306
ARQ-test-0012,"يديوها غدوة غدوة حتي يفض العام
 هادي هي يقراو غير شهرين ولا تلاتة",0.9804651141166687
ARQ-test-0013,"صح على بالي و تاني باش يموتڢينا
 كيما بكري نقراو كي نشوفو الشيخ",0.9924566149711609
ARQ-test-0014,"دارو أكسيدون
 كاين الغاشي",0.9832059741020203
ARQ-test-0015,"دير وش دير اﻟﻤﻄﻠﭭﺔ ﻣﻄﻠﭭﺔ
 ما حكيتليش لحكاية أدي قبل",0.9897940158843994
ARQ-test-0016,"افضل حلقة فور صالح اوقرت كمل هكدا
 يعطيك الصحة جربتو جاني روعة رابي يحفضاك",0.9969539642333984
ARQ-test-0017,"قعدﺖ مع الهادي برا
 عمبالو خو مريم سارڢور",0.9951716661453247
ARQ-test-0018,"روعة يعطيك الصحة اليوم نديرها انشاء الله شكرا ام وليد
 ام وليد يعطيك الصحة ماعليش ديرينا دزيريات شكرا",0.9965446591377258
ARQ-test-0019,"هاديك العين حق بالصح ما تقدرش تفسرها حاجة ربي
 تسمى هادو الحوايج لي خلاهم ربي أﻣﭙﻮسيبل توصللهم",0.985051155090332
ARQ-test-0020,"قنبلة خويا لطفي كالعادة
 روعة كي العادة لطفي",0.9913811087608337
ARQ-test-0021,"و هدوك منين جاو
 من الجامعة كانو ديزلاڢ",0.998826801776886
ARQ-test-0022,"شفتي أنت أو مام تسحر تغسل فمك تبقى نايض أي ما تجيش الراحة
 و كي تسحر ومام تغسل فمك و ترﭬﺪ و تنوض فمك في حالة",0.9953007698059082
ARQ-test-0023,"أنا من دوك ما لقيتش حسابي
 اللولة واعرة تاع المروك و تونس شوية",0.9902197122573853
ARQ-test-0024,"بيان سور سليمة ، ربي يشفيك
 نروحو ڤاع سليمة أنا تاني عييت",0.9940066337585449
ARQ-test-0025,"أسمعي حتى لعراس فضو باه نتلاڤاو شفتي
 شفتي والله أنا عندي العرس تاع عبد النور",0.9918745160102844
ARQ-test-0026,"حتى الدرك حكينا على كلش حتى على لا بولتيك
 أنا البارح بديت نكتب لي ايمايل تيعك بالعربية",0.9873435497283936
ARQ-test-0027,"الجن الجن يعشي يتمسخر بهداك المرقي
 يعرف لي ﭘﻮان فابل تاع العباد",0.9928945302963257
ARQ-test-0028,"ڤالت لي العام الجديد تخلصي سيموا
 ڤالت لي لازم ترﻳڤال لي لوﭘﺮوبلام",0.9948715567588806
ARQ-test-0029,"يا ماشي مالفة نكبر هكا
 راح تكبري حبيتي ولا كرهت",0.9967116117477417
ARQ-test-0030,"ﻟقيت مرت جمال تما
 العجوزة و الشيخ وحدهم",0.9985788464546204
ARQ-test-0031,"ما على باليش أني عيط لها درك
 و اليوم مالا وش رحتي درتي",0.9936951994895935
ARQ-test-0032,"ﭬﺎتلهم جامي شفتكم
 خزرت معاهم أنا",0.9939268231391907
ARQ-test-0033,"هه ايا عليلو ايا عليلو واش كاين فما
 ربي يعاونك خويا شمسو الله يرحم جميع الوالدين صحا رمضانكم",0.9780774116516113
ARQ-test-0034,"أديكا الزرﭬﺔ لي القرعة تحا زرﭬﺔ
 والله ما عرفتها و فضت أديكا درك",0.9950993061065674
ARQ-test-0035,"ڤالت لي و يموت على يكوپي
 ﭬﺎتلها خديجة أه مليك يخرج حاجة",0.9980239868164062
ARQ-test-0036,"و انا واحد من الناس ما نقدرش نعيش بعيد على يما
 لي قاعد قدامك هدا ماكاش واحد في الدنيا يحب يماه قدو",0.9910871982574463
ARQ-test-0037,"لكان تاع شفا ربي يشفيه
 حبست لكاشيات هي لي ضرتني",0.9864988327026367
ARQ-test-0038,"لالا راهي نورمال
 الحمد لله شبعت",0.9909868240356445
ARQ-test-0039,"ما عنديش حكيتلك كيفاش تعرفت عليه صدفة
 الراجل هداك لي قال لي عليه",0.9897746443748474
ARQ-test-0040,"منال الخمار تيعك يخرج مع لاڢاست تيعي
 هاه صح بصح يخرج مع لاڢاست تيعي وسي",0.9960135221481323
ARQ-test-0041,"مسا الخير سليمة
 مسا الخير كريمة",0.987083911895752
ARQ-test-0042,"فور لطفي كونطرا على شياتين
 ماينـة خويا لطفي ربـي ايعوناك",0.98908531665802
ARQ-test-0043,"مانسوطيش راني معاك
 عطيك الصحة خويا",0.9915133118629456
ARQ-test-0044,"واش قلتو في الهجرة
 واش من هجرة ؟",0.9971866011619568
ARQ-test-0045,"تلت سنين شوية فوق تلت سنين
 ايه تلت سنين و نص قريب ربعة",0.9937224984169006
ARQ-test-0046,"ربي يتقبل ما تنسايش تدعي لنا
 نشالله مالة واش تحكي كاش جديد",0.9769402742385864
ARQ-test-0047,"يعيطلنا ليزانديجان
 أياه وعلاش",0.9881114363670349
ARQ-test-0048,"قال لها راكي أختي و قال لها كي نضمن لك مستقبلك راني نطلقك نورمال
 قلت له هي أه و امبعد قالت راني مرتو ما نطلقش منه فهمتي",0.9936659932136536
ARQ-test-0049,"أو لازم يجيب السلعة باه يمشي لوزين
 و كيفاه يبيعوهم أم ما يتباعولهمش",0.9955862760543823
ARQ-test-0050,"و مازال كتبت برك في ڤوڤل أمثال جزائرية خرجوا معمرة
 الناس راهي تشارك شويه   شوفوا هدا  الديكسيونير  فرنسي دارجة",0.993497908115387
ARQ-test-0051,"أم غير يسايسو فيه يهدرو معاه و يضحكو ما جبدولوش على لحكاية خلاه
 ﭬﺘﻠﻬﺎ اهدرو معاه و ضحكوه و اجبدوا منو الهدرة إدا ڤعد كيما أك يديوه ﻟﭙﺴﻴﻜﻮلوڤ",0.9974892139434814
ARQ-test-0052,"تسمى هادو الحوايج لي خلاهم ربي أﻣﭙﻮسيبل توصللهم
 دير واش تحب الشيطان ما تقدرش تشوفه",0.9966973066329956
ARQ-test-0053,"أنا ما عجبتنيش
 وش أدا الإضراب",0.9825044274330139
ARQ-test-0054,"لالا نقول لك وقتاش فاق كي مات خوه هو ولى رئيس العشيرة
 جاء مالطاليان كان يقرا في الماريكان و امبعد راح لطاليان و أومبعد جاء للترك",0.9916685819625854
ARQ-test-0055,"رحت للسبيطار باه ندير كونسيلتاسيون جينرال ظهر عندي فيبلاس في ليباتمون دوكور تيعي
 و لافيبلاس أدي جاتني من لونجين اللي حكمتني بكري دارتلي روماتيزم أغتيكولار إﻳﭭﻮ في ﭬﻠﺒﻲ",0.9867829084396362
ARQ-test-0056,"اسكو انت البارح جاك واحد و قالك راك رايح تتضرب بكف
 ولا عيط لك واحد و قالك راه فلان رايح يضربك غدوة بكف",0.987494707107544
ARQ-test-0057,"آو كل واحد ما نعرف ڤداه دار دنوب فهمتي ولا لا
 و الصلاة ما يصلوش سيرتو الصلاة بعد سيرتو الصلاة بعد",0.9966926574707031
ARQ-test-0058,"بالعقل ،بالعقل ،ماتلفوهاليش
 هدا بتسعين ألف",0.9921764731407166
ARQ-test-0059,"بداو في أكتوبر يقراو في النهار
 أنا بالاك بربي نشا لله نسجل فيه",0.9803025126457214
ARQ-test-0060,"آت اﻟﭙﻮرتابل
 جيب يومة",0.990818977355957
ARQ-test-0061,"هاي أسما شفتي شحال تمرمدت شحال تمرمدت شحال تمرمدت
 ايه أنجنيور في لانفورماتيك و أو فان دو كونت مسكينة",0.986741304397583
ARQ-test-0062,"بالصح الواحد مايكرهش منه على خاطر معمر بالحكايات
 شوفوا پاريكزومپل هدا السيت في ويكيبيديا على الدارجة نتاعنا",0.9989537596702576
ARQ-test-0063,"ما تديوش نقطة كاملة على الكتابة
 كاينين تمارين يعطيهولك باه تتعلمي تكتبي الحروف",0.9982653856277466
ARQ-test-0064,"صح عندك الحق سليمة
 على واش نهدرو اليوم",0.993041455745697
ARQ-test-0065,"صا شمسو ربي يحفظك راما معاك
 يعطيك صحة شمسو راني معاك حتى لاخر",0.9992877840995789
ARQ-test-0066,"أنا ﻧقـﻮل ربي يهدينا و يهديهم
 الوقت لي وصلنالو عاد كلش مظاهر",0.982096791267395
ARQ-test-0067,"انشالله من فمك الى ربي
 و تاني كاين السكايب ماتخافيش",0.9837161898612976
ARQ-test-0068,"مكانش منها ڤل لهخطيك من الخدمة أدي لي فيها الريسك و فيها المشاكل
 ﻛﭙﺎبل المرة الجاية يخطفوه هو ولا يديولو مرتو ولا ولادو كيما نشوفوها في الفيلمات",0.9972165822982788
ARQ-test-0069,"أي حتى هما ما يخدوش الراي والله ما يوخدوا الراي تعرفي
 آه على بالي بيهم صغار نڤول لك باش تقدري تكسبيهم لازم تسايسيهم",0.9870452880859375
ARQ-test-0070,"ﺳﭙﻴﺴﻴﺎليتي تاعك وش
 درت ايسي أنا",0.9919004440307617
ARQ-test-0071,"لاباس سليمة ؟
 مرحبا بيك سليمة",0.9887449145317078
ARQ-test-0072,"لا نڤول لك وقتاه فاق كي مات خوه هو ولى رئيس العشيرة
 جا مالطاليان كان يقرا في الماريكان و امبعد راح لطاليان و مبعديكا جا للترك",0.9927359223365784
ARQ-test-0073,"رحت لوفتالمولوﭪ باش ندير ڢيزيتة لاجال نواظر
 قعدت فلاسال داتونت ﻟقيت بزاف المرضى",0.989586353302002
ARQ-test-0074,"علاخاطرش أنا إيتوديونت و حابة نكمل قرايتي قبل الزواج
 بصح عوايدنا و عوايد بابا ما تخليش الطفلة ﺗقول رايها",0.9835712313652039
ARQ-test-0075,"روعة و ﭬﺪاه يدير
 وعلاه ما شريتيش واحد",0.9881794452667236
ARQ-test-0076,"يجي نهار و الوالدين ما يكونوش معانا
 لازم تتكلي على روحك و تستحفضي عليها",0.992515504360199
ARQ-test-0077,"ياه و كيفماه باينين صوابعو مقصوصين
 هاه ڤاسوه بمومبا ولا ما نعرف وش",0.9808169603347778
ARQ-test-0078,"قالت  لي  لالا هداك خدمة تاع ليسانس
 قالت لها واش رايك  لوكان ديري بيبليوغرافي",0.9993481636047363
ARQ-test-0079,"رحتي عند نصيرة
 أي مسلمة عليك",0.9933733344078064
ARQ-test-0080,"في الهدرة
 آما هدرة",0.9943866729736328
ARQ-test-0081,"و هاي وش اسمها لهنا
 وشبيك تشوف ليا وش كاين",0.989730954170227
ARQ-test-0082,"لالا ليراديو ليراديو
 و سكانار وقتاش",0.9992607831954956
ARQ-test-0083,"لا أنا الحق كي نلڤى مستقبل هنا في بلادي نڤعد
 رشيدة رشيدة أكي ملاحة اليوم ازربي رانا نسناو فيك",0.9938139915466309
ARQ-test-0084,"وش الموت آري كاردياك أكسيدون من علامات الفنا أديكا
 واحد جار وش اسمها سميرة بنت عمي براهيم",0.994480550289154
ARQ-test-0085,"كيما الرشتة شكرا ام وليد
 بنينة بزاف يعطيك الصحة",0.9981232285499573
ARQ-test-0086,"كما قلت لكم الخطرة اللي فاتت , نقدرو نپوبلييو في مجلات امپورتانت 
 هدي فكرة مليحة   كي راك تكتب لي ميساج تيعك بالدارجة",0.9929177165031433
ARQ-test-0087,"عندك يكلحوك
 خممت فاها",0.9998437762260437
ARQ-test-0088,"شحال في عمرها بنتو
 ربعة ولا خمسة سنين",0.9887592196464539
ARQ-test-0089,"ما تديوش نقطة كاملة على الكتابة
 كاينين تمارين يعطيهملك باش تتعلمي تكتبي الحروف",0.9931843280792236
ARQ-test-0090,"انا حرت
 أيا فطيمة",0.9999258518218994
ARQ-test-0091,"راح تحبسو ڤاع
 أواه غدوا برك",0.9970039129257202
ARQ-test-0092,"يما زوج نسا وحدهم في ڢيلاج راح يخلونا طرونكيل
 غدوة نروح للمارشي نكري زوج رجال يعسو علينا",0.9961115121841431
ARQ-test-0093,"لالا أنا الحق كي نلقى مستقبل هنا في بلادي نقعد
 رشيدة رشيدة، راكي شابة آيا غاولي رانا نستناو فيك",0.9963399767875671
ARQ-test-0094,"لاشين يجيبو منها الصباط  ؟
 فكرتيني  دوك  نعيط لطه",0.9893898367881775
ARQ-test-0095,"روحي أي ڤاعدة تسنا فيك
 هيا سهام يزي بلا هدرة",0.9959344267845154
ARQ-test-0096,"و كاين واحد لتما شفت عندو سندالة بيضا كيما تيعك
 شفت عندو كعبات عجبوني ما نعرف ﻧﻠﭭﻰ عندو أداكا ولا لا",0.9975221753120422
ARQ-test-0097,"برك أدي هي ادي يڤولو علاها إجابة مشها ملاحة
 أنا لانفورماتيك سمعت باها أول مرة كيما كنت دوزيام آني",0.9864334464073181
ARQ-test-0098,"راهي تمشي كيما البلاد
 ليسانس رجعت 3 سنين",0.9969390034675598
ARQ-test-0099,"و انت شفتيه
 شفتو شفتو قبل",0.9966951012611389
ARQ-test-0100,"كيما حبيتي
 امالا عيطيلنا",0.9790727496147156
ARQ-test-0101,"بديت نحفض ماﻟﭙﺮوميار لوسون اللي درناها
 و أڢونسيتوا في اﻟﭙﺮومي تريماستر ولا لا",0.9963136315345764
ARQ-test-0102,"راحت كريمة وما ولاتش
 لا أنا هنا مراد",0.9994797110557556
ARQ-test-0103,"ما على باليش كيفاش يقولوها بالدارجة , دوك نشوف كيفاش ندير 
 حطيت بالعاني كلمة كتاب باش ما نخليش البلاصة نتاعها فارغة",0.98860764503479
ARQ-test-0104,"لالا الفرونسي لا تقراي لا هم يحزنون، تنحي من مخك العربية فهمتيني؟ و تهدري نورمال پاسكو  اللغة ماشي هكا
 درك الناس كامل تعرف تحفظ بالصح المشكل وين راه؟  في اللسان برك ، درك أنا نهدر مليح ولا لالا",0.990606963634491
ARQ-test-0105,"قولتيلي لوسات زينب
 لوسات لوسات ديسمبر",0.994667649269104
ARQ-test-0106,"راح التريسيتي التيلفزيون شاعل
 التريسيتي راحت التيليفيزيون شاعل",0.9962035417556763
ARQ-test-0107,"أنا درت مودپاس معقد خلاه
 يعطيك الصحة عقدتاها مرة وحدة",0.997651219367981
ARQ-test-0108,"أنا ما نغيضكش نصبح بالحد خدامة و أنا ما فرزتش أموري
 زعمة كنا خارجين و عيط الراجل لبابا على جالت الڤاراج",0.9859892725944519
ARQ-test-0109,"ايه قلتلها البارح ما قعدوش هي و خالتي زينب
 راهي رايحة عندها فاتحة ما تفهميش غير روحي أعرضيها",0.9962359070777893
ARQ-test-0110,"أول مرة نشوف وجهك كيما هكا
 ما عندك ما شفتي عاملة فيهم التير",0.9979774951934814
ARQ-test-0111,"انت شفتاها النو نهار واحد يعديوا الفصول كل
 هاي سخانة هاو برد هاي نو تحيري سبحان الله",0.9813318848609924
ARQ-test-0112,"لا ڤال لك كي تكوني خدامة بيان يحكموك
 لا ڤلت لك ﭘﺎريڤزوﻣﭙﻞ شفتي كي درت تاع اﻟﭙﺮيڢي",0.9959012866020203
ARQ-test-0113,"جو بريفير كل يوم نهدرو على دومان سپيسيال
 ماعليش مراد نبينو بصح ماشي على الحداش تاع الليل",0.9926226735115051
ARQ-test-0114,"هادي ما نعرفهاش
 قليل اللي يعرفوها",0.9881603717803955
ARQ-test-0115,"كاين ياسر لي فيلم في رمضان
 لازم عليك تڨولي للطلبة يعاونوك هدا العام",0.994426965713501
ARQ-test-0116,"راكي تقوليلي كيما هاداك لي قالولو خلص زوج ملاين ولا نسيزو الحمار
 باع الحمار بخمسميا و زاد مليون و خمسميا و راح عطاهم لهم",0.9450371265411377
ARQ-test-0117,"قالت لهم عسي روحك ربعة و عشرين ساعة
 شفتي من مور ربعة و عشرين ساعة يبان كلش",0.993297278881073
ARQ-test-0118,"هه يعطيك الصحة
 وليد بلادي راك فور",0.9930427670478821
ARQ-test-0119,"ماشي نورمال هادا
 علابيها طاح اﻟﻨﻴﭭﻮ",0.9938031435012817
ARQ-test-0120,"بالصح نورمال غدوة نتلقاو و تحكي لي كلش
 يخي كنتي راح تحكي لي على مليك",0.9884968400001526
ARQ-test-0121,"كي تجي تشوفي ما خيرناهاش هادا واش كاين
 أنا دارها بيا التروﻧﺴﭙﻮر ساعة و انا نسنا",0.9930028915405273
ARQ-test-0122,"حتا أنا شعري في حالة
 أروزما ماكاش أﭘﺮاي من زهري",0.9929542541503906
ARQ-test-0123,"لوكان غير يسڤموه برك
 دايمن كاين بروبلام عندنا",0.9969469308853149
ARQ-test-0124,"نسيت واش يسنا فيا
 أقعدي نجوزو ايامات ملاح",0.9973491430282593
ARQ-test-0125,"نتا منك ليه
 آه تاع انفورمتيك",0.9963844418525696
ARQ-test-0126,"أومبعد بينوم و كي أنا  كي خالد حابين مونوم
 قالت لك مليحة كل واحد لي يحب يدير وحده يدير وحده",0.997768223285675
ARQ-test-0127,"إدا محرم أم حيزيدو يأجلولو
 و خالد و مرتو يخدمو",0.9930781722068787
ARQ-test-0128,"جبت دي تكست من فايسبوك بصح ضهرلي لهجة تاع الشرق
 جبت دي بلاڨ غنا تاع رابح درياسة غنا تاع بعزيز",0.9995942711830139
ARQ-test-0129,"جربتها جاتني روعة بنينة بزاف يعتيك الصحة ربي يخليك لوليد
 جربتها ليوم راني صائمة جاتني روعة يعطيك الف عافيه ام وليد",0.9316554665565491
ARQ-test-0130,"سيبون هداك ما شفت
 حقا اليوم الأولاد أونتريناو",0.9983054995536804
ARQ-test-0131,"وحد العبارة يشوفوها غير المسلمين
 أسمع ﭘﺎسكو يعطيه ربي قدرات",0.9951545596122742
ARQ-test-0132,"احسبي وحدك
 دوك ﻧقولك",0.9870456457138062
ARQ-test-0133,"بصح هي مسكينة ما حكموش عليها الدوسيي
 خولة نتي وقتاش دﯾﭙﻮزيتي الدوسي ما شفتيش",0.9909384250640869
ARQ-test-0134,"نسحق الميكرو نهار الخميس
 حتى أنا نسحقه بزاف",0.9980804920196533
ARQ-test-0135,"كيما متلا بوتفليقة كامل يحبوه
 تسمى ولا مشروع و شرعي",0.9862897992134094
ARQ-test-0136,"أنا بصح أم ﻳﭭﻌﺪو حرين باينة خلاه
 حاجة حرة ﺗﭭﻌﺪ مشي كيف الحاجة المدرحة",0.9961375594139099
ARQ-test-0137,"مانسوطيش راني مع شمسو جوكار
 منسوطيش راني فالدار هه",0.996181309223175
ARQ-test-0138,"واش راهو المقرمد هداك
 تهنينا منه سمانة هداك",0.9953164458274841
ARQ-test-0139,"عطاني كاشيات تاع الصبر
 مالا عندك الصبر ياسر",0.9921801090240479
ARQ-test-0140,"رشيدة رشيدة، راكي شابة آيا غاولي رانا نستناو فيك
 كاش واحد من االتلاميد دياولك عندو واحد يتزوج بيا",0.996634840965271
ARQ-test-0141,"كي راحو للمخازن لڤاهم يخدمو في لادروڤ تما فاق بحكاية لادروڤ
 ﭬﺘﻠﻮ أمو وعلاه مالا أنا مين نعيش في عشرة لاف عبد",0.9860820770263672
ARQ-test-0142,"آي تخدم ولا لا
 آني رايح نعملها مالادي",0.9920886158943176
ARQ-test-0143,"يعطيك الصحة ام وليد جاك هايل
 يعطيك الصحة اختي ام وليد ربي يبارك فيك",0.9884209632873535
ARQ-test-0144,"هدرت مع وليد عمي كونسيرنون اسوجي تاع الزواج فهم رايي و هدر مع باباه هو تاني
 ما قبلش باباه و قالو لوكان ما تتزوجش بنت عمك دوك يصرا ﭘﺮوبلام مع عمك",0.9979962110519409
ARQ-test-0145,"لازمك معريفة برك لا جانفي لا فيفري لا تديك لا تجيبك
 لالا هو لوكان واحد يروح لطبيب برك لتما من طبيب لطبيب تترڤلا",0.9778746962547302
ARQ-test-0146,"كيما سكندر تاع المسلسل عنده واحد الدوسي خباه في بلاصة حتى هو ما يشفاش وين حطو
 باش حتى يعدبوه ما يقوللهمش على بلاصتو و نهار لي اسحقو قلب الدنيا ما لقاهش",0.9937722086906433
ARQ-test-0147,"مالتمنية لطناش عندنا ربع مواد و من الوحدة و نص حتى الخمسة و نص ربع مواد وحدخرين
 ديجا ليتوديون يخرج ساتوري معمر سيبون يخرج ما يقدرش يخمم ما يقدرش يقرا في الدار",0.999603271484375
ARQ-test-0148,"وحد السيد صحيب جدي بعد طلعو للجبل مع بعضاهم
 بعدما راح جدي بربعايام أكاك راح للاﭘﻮست يخلص",0.992685854434967
ARQ-test-0149,"صح وقتنا مش مليح ﭘﺮاﭘﻮر على المشاكل اللي فيه
 بصح بكري مكانتش الدنيا ساهلة كيما وقتنا أدا",0.9945787191390991
ARQ-test-0150,"ديرهم لي في ساشي
 هدا مسيد ماشي سوق",0.9992953538894653
ARQ-test-0151,"حكيتو لنهى قالت لي كي تحكيلك الخطرة الجاية سوسن حاجة ما تجيش تحكيهالي
 الخطرة الجاية كي نقول لك فيلم ولا مسلسل قولي لي أسكو كملتيه ولا لالا",0.9733996391296387
ARQ-test-0152,"بالك غدوة نجيك بكري ماو نقراو على الطناش و نص
 نعدي نخلص و نريكلامي امبعد نجيك و نطلعو لفاك",0.9965360760688782
ARQ-test-0153,"مانسوطيش والله مانسوطي عندك الحق شمسو كامل معاك
 شكون لي مزال يشوف فيه في رمضان يخبط جام",0.9899623990058899
ARQ-test-0154,"القراية في وقتنا عادت بزاف صعيبة
 كيما ﻧقولو حنا الشيوخا ما يفهموكش مليح",0.9967936277389526
ARQ-test-0155,"يعطيك الصحة برافو
 شكرا يعطيك صحة",0.9967798590660095
ARQ-test-0156,"يا حسراه عندهم بزاف السباط شريته في الڢاكونس تاع الشتاء
 و هدو أومبعد بالصح كل مرة تصب الشتاء ما نلبسهمش",0.9894683957099915
ARQ-test-0157,"صحا باي
 ألو وي",0.9896245002746582
ARQ-test-0158,"هيا اقرالي واش كتبت ولا هات لهنا
 لالا لالا بيدك ولا برجلك حبيت نقول",0.9987372756004333
ARQ-test-0159,"يعطيك الصحة ام وليد على التوضيح وربي يحفظك
 نحبك ام ولييد ربي يحفظك لينا",0.9973239302635193
ARQ-test-0160,"هادا محرم راح يزيدو يروتارديوه
 و خالد و مرتو يخدمو",0.9972065091133118
ARQ-test-0161,"أسامة صح سلو كانوا عايشين في النورڢيج
 آه سلو نعرفو بصح ما على باليش",0.9973034262657166
ARQ-test-0162,"وعلاه وش معناها
 العقلية الخاسرة اديا",0.9955864548683167
ARQ-test-0163,"و الصلاة ما يصلوش سيرتو الصلاة سيرتو الصلاة
 الصلاة  ما جاتش في ما يصليش",0.9958387017250061
ARQ-test-0164,"كمال , حبيت نفكّرك على لانڢيتاسيون , لخاطر راني حاب نبدا في لي ديمارش , راك تعرف كلّش تقيل هنايا
 سليمة   نسيت ما سقسيتكش إدا بديت الخدمة اللي هدرنا عليها الخطرة اللي فاتت في الاجتماع مع كمال وكريمة ",0.990913450717926
ARQ-test-0165,"أسمح لي خويا الله يسجيك
 هاكي مدام ألبسي الطبلية هنا",0.9982659220695496
ARQ-test-0166,"ڤتلو نڤول لك حاجة ادي كونجي و عيطلي كي دا كونجي و عيطلي ڤتلو في لامان أ خويا الطمع مشو مليح
 الميدسان التالت تاع العينين رحت نداوي عندو ڤتلو أ حكيم عندي لوجيسيال و كدا حكيتلو ڤالي ننصحك طيش عليك",0.9951632022857666
ARQ-test-0167,"سينون اي الدنيا ﻣﭭﻠﺒﺔ
 مازالت الدنيا ﻣﭭﻠﺒﺔ عندك",0.9892452359199524
ARQ-test-0168,"هاداك المارشي
 ياكلو الشعير",0.9948378801345825
ARQ-test-0169,"كملت قرايتي في لافاك بالسيف
 ما كنتش سيريو في قرايتي",0.9911602735519409
ARQ-test-0170,"هه حفظتها ولا مازال
 واحد مايسوطي رانا معاك شمسو",0.9959791898727417
ARQ-test-0171,"رانا كامل مع شمسو ايه مانسوطيش
 شمسو خويا بكيتنا صغار كبار ربي معاك وشكرا",0.9942619800567627
ARQ-test-0172,"لصحابهم
 إيه",0.9999054074287415
ARQ-test-0173,"ما نعرف علاه دارو فيه الصوت
 باش يفضح العبد كي يسجل فهمتي",0.9969146847724915
ARQ-test-0174,"انسان كيما أدا يخمم على الفايدة تاعو هو قبل من تاع ليتوديون
 يدي في السوارد و طامع فيا انا نخدم حاجة و نجيبهالو",0.9919807314872742
ARQ-test-0175,"تحية من الجزائر خاوة خاوة
 ما نكومونسوطيش هه فيديو هايل",0.9867803454399109
ARQ-test-0176,"خرجت حففت طلعت للدار خلاص النهار
 راسي يوجع بالصح ما رانيش حاب نرقد",0.9914990663528442
ARQ-test-0177,"بعدما راح جدي بربع ايام هكاك راح للاﭘﻮست يخلص
 راح البرا شوية لتم على التسعة تاع الصباح مات",0.9847042560577393
ARQ-test-0178,"انعم واش هي الحاجة الاورجونت
 سلام سليمة واش راكي اليوم",0.9937626719474792
ARQ-test-0179,"فهمتك بالاك عندها علاقة بالاعصاب
 و تنملي وسي يا إيمان",0.9976983070373535
ARQ-test-0180,"جانفي يكون هنا لالا
 إيه ما نقعدش لجانفي",0.9863932728767395
ARQ-test-0181,"وحد الطفلة وسي
 صبيحة تاع عزابة",0.9946209192276001
ARQ-test-0182,"والله أ وسامة خويا انا ناجي أداكا من الدقيقة الاولى ما نرتاحلوش
 أك نتا كنت ديما ﺗﭭﻮل أو مليح و كلش بصح نا والله ما نرتاحلو",0.9891878366470337
ARQ-test-0183,"أسنا سح أنا ما نعرفش نكتب
 نعرف نرﭬﺪ أنا برك أدا وش ندير",0.9920016527175903
ARQ-test-0184,"كيما سكندر تاع المسلسل عندو وحد الدوسي خباه في بلاصة حتى هو ما يشفاش وين حطو
 باه حتى يعدبوه ما ﻳﭭﻠﻬﻤﺶ على بلاصتو و نهار لي احتاجو ڤلب الدنيا ما لڤاهش",0.9848048686981201
ARQ-test-0185,"عيطت لنرجس
 آه نرجس",0.9896023273468018
ARQ-test-0186,"ڤالت لي خديجة تكمل على لوحدة جودي
 انا الخميس جوڢي غاتي لوكور تاع مسلاتي",0.9898138046264648
ARQ-test-0187,"هايا وين راح الخيط
 ماكان والو اتمناي حاجة",0.992965579032898
ARQ-test-0188,"كل واحد يهدر وحدو سينون تعود فوضى
 كيما ﭬﺒﻴﻠﺔ عندك كنا كل نهدرو مع بعضانا",0.9943434596061707
ARQ-test-0189,"الصلاة أي ما جاتش في ما يصليش
 لادان ﭬﺎعد يدن و أنت تلعب في الديمينو",0.9991724491119385
ARQ-test-0190,"يعطيك الصحه اختي ام وليد
 شكرا حبيبتي ام وليد راح نجربو",0.9952342510223389
ARQ-test-0191,"نضت على السبعة تاع الصباح حكمت طاكسي لسبيطار
 قعدت مع الشيروجيان لي راح يديرلي لوﭘيراسيون",0.9967496991157532
ARQ-test-0192,"يدي في الدراهم و طامع فيا أنا نخدم حاجة و نجيبها له
 هدا الأول، التاني پروف مرا ، على بالك واش قالت لي ؟",0.999805212020874
ARQ-test-0193,"آه ﭬالت لها  تنقصلها فاها من و من
 عجبتها لخرا تاع لاسوا ڤالت لي قماشها مليح",0.9968708157539368
ARQ-test-0194,"قالت لي مازلت وحدخرا ما كملتهاش
 قالت لي نهار آخر نعيط لك",0.9797443747520447
ARQ-test-0195,"ﭬﻠﻬم مرتي نخدمها واحد ما دخلوه و هما أم عندهم لمرا ما تقرا ما تخدم
 كيما أختو عندهم عقلية هاكا النسا تاعهم ما يقراو ما يخدموش و هو بالعكس يعاون فاها",0.9869483113288879
ARQ-test-0196,"يومين قبل العيد لكبير
 آه قبلو ﭬدﭬد ازوزت",0.9979562163352966
ARQ-test-0197,"ديت تراز ولا دوز العام لي فات
 العام هادا حتي واحد ما دا لاموايان",0.9891566038131714
ARQ-test-0198,"درك كل وحد و رايو
 انا رايي أدا مشو پروف",0.9872867465019226
ARQ-test-0199,"هيا اقرالي وش كتبت ولا هات لهنا
 لا لا بيدك ولا برجلك حبيت نڤول",0.9985589385032654
ARQ-test-0200,"حرت انا
 أيا فطيمة",0.989267110824585
ARQ-test-0201,"وي وعلاش لا , تقصدي الحرڨة تاع لي جون 
 الهجرة كي الواحد يخلي بلادو حارڨ ولا لا",0.992723822593689
ARQ-test-0202,"ڤالت لك كان عندي بصح راح لي النيميرو راح لي اﻟﭙﻮرتابل
 آه كون تجي حورية ڤولي لها بلاك عندها عيطي لفريال تكتبه لك",0.9862682819366455
ARQ-test-0203,"شكون مريم
 وين يخدم",0.9964403510093689
ARQ-test-0204,"كل زوز دقايق يطفا
 لعشية حا ندير سفنج",0.9983938336372375
ARQ-test-0205,"ما عيطنالهاش
 عيطنالها حنا",0.9923146367073059
ARQ-test-0206,"أسنايني أ ميمي درك نجي و حكيلي
 على بالك أ سارة يطيبو كيفنا",0.984032928943634
ARQ-test-0207,"المهم نشاتيو حنايا شويه
 هو ثقيل في العربية",0.9984175562858582
ARQ-test-0208,"أنا قلت له نديروها شوية بكري
 المهم احنا هنا أو عاود جا",0.977023184299469
ARQ-test-0209,"انسان كيما هدا يخمم على الفايدة تاعه هو قبل من تاع ليتوديون
 يدي في الدراهم و طامع فيا أنا نخدم حاجة و نجيبها له",0.9985256195068359
ARQ-test-0210,"ساڢا الحمدلله
 عندكم ياسر",0.9962698221206665
ARQ-test-0211,"و لابسة الشاﭘﻮ و الظلمة علاجال السحاب
 جا عصام موراها قالها والله حسبتك لاجون",0.9983194470405579
ARQ-test-0212,"والله لوكان نديرو تاست الغاشي ﭭاع يخرط
 الناس ﭭاع تجيهم لاﭘﺎي غير انا",0.997497022151947
ARQ-test-0213,"نهار كامل و حنا نشوفو شحال من ليجون متخرجين من لافاك شومور
 سمعت بلي دارو ليكونترا باش يعاونو ليجون لي متخرجين من لافاك",0.9922605156898499
ARQ-test-0214,"معاك خو ياا ربي يوفقك فيديو فوور مانسوطيش
 يعطيك الصحة خويا شمسو جوكر كلام قاوي",0.9984447360038757
ARQ-test-0215,"روعة شمسو برافو
 ربي يهنيك خويا شمسو",0.9939409494400024
ARQ-test-0216,"يخي طماعين
 و تقدري",0.9953379034996033
ARQ-test-0217,"هو عندو كارتابل تاع  ﻟﻴﭙﻮس
 نور ڤال ظهرتلي صحابه يسالوه حسيفة",0.9887502193450928
ARQ-test-0218,"ڤلت لك المسيح الدجال أو لتم في الجزيرة
 لتم آ خويا في ترييونڤل دو برمود",0.9927279353141785
ARQ-test-0219,"آه سايي أنا
 آه وشيا لاكولور",0.9881322979927063
ARQ-test-0220,"ما يعرفوش كاين أدكار تقولهم يهرب منك
 كاﭘﺎبل يتبعك قادر يدخله في التوموبيلات",0.9936659932136536
ARQ-test-0221,"كنا ﭬﺎعدين نحكيوا على ليزوﭘسيون
 ﭬﺘﻠﮭﺎ وش مخمة افريال اديري",0.9974496960639954
ARQ-test-0222,"بالصح قلت للشيخ قلت له هداك واحد ﺳﭙﻴﺴﻴﺎليست خير
 في السبيطار تعنا يجوزوا غير بالمعريفة على بالك",0.99295574426651
ARQ-test-0223,"أنا ﻧقولها عيشة أني مريضة و هي تقول روحي برك
 و انا ﻧقول واش بيها عيشة ماشي مالفة ديرلي هكا",0.9994276762008667
ARQ-test-0224,"أنا نتوحش غير لافامي سينو أي ليهم الجزاير
 الجزاير ما نكرهاش نكره العوج اللي فيها",0.9956697821617126
ARQ-test-0225,"بصح حاجة ما تصرالك
 تنحاتلي الراحة ما بقاتش",0.99637770652771
ARQ-test-0226,"قال لي أخت شمام واش راكي قلت له لاباس الحمد الله
 قال لي واش ديرتيهم ولا لالا قلت له ما لبستهمش",0.9992073774337769
ARQ-test-0227,"كيفاش في ادارة
 نشارك في ليلوكانكور",0.9857267141342163
ARQ-test-0228,"عرفت بلي جاتني من صاحبي ﻟقدﻳﻢ لي خدم معانا قبل
 نهار كامل و أنا نتفكر أول مرة نسمع إسمو",0.9975424408912659
ARQ-test-0229,"ما صليتش لعصر نتوضا
 و انت سجلتي روحك",0.9731967449188232
ARQ-test-0230,"كيما هك يطيح النيڢو تعنا
 مكانش نيڢو ﭘﺎسكو مكانش النية",0.985975444316864
ARQ-test-0231,"يعطيك الصحة خويا شمسو تقول طليتلي على فلبي انا تاني ما نصوطيش
 اكثر من رائع ربي معاك خويا شمسو الله يقدرلك لخير",0.9822973012924194
ARQ-test-0232,"قستنا بزاف خويا شمسو
 رانا كامل معاك شمسو مانسوطيش",0.9990740418434143
ARQ-test-0233,"ﭘﺎرتو يعيطولك و ساعة ساعة احبطي التحت
 انا ماكسيموم ساعة كان كلش واجد كملنا فطرنا",0.9889481067657471
ARQ-test-0234,"كاين ناس ﭬﺘﻠﻮلهم ناس ياسر من ليفامي تحم
 كيفماه حبيتيني نسكت و كل يوم الدم و الهم",0.9981191754341125
ARQ-test-0235,"راسي
 شربتها",0.9821280837059021
ARQ-test-0236,"إنت عاطف أو رايح ﯾجوز السمانة الجاية
 الكوﻧڢوكاسيون تروحي تجيبيها وحدك من عندهم",0.9900237917900085
ARQ-test-0237,"خويا شمسو فالقمة
 مانسوطيش يعطيك صح شمسو",0.9890050888061523
ARQ-test-0238,"نسيت لاكارت تاع البوس
 ستر ربي لي وليت",0.9827488660812378
ARQ-test-0239,"راني ميت بالضحك
 قيت لك خاطيني",0.9907804131507874
ARQ-test-0240,"ساهلة مراد ، على خاطر ماكانش موتيڢاسيون
 ما تحكيليش على الباك يا كريمة",0.9988102316856384
ARQ-test-0241,"لا بن عمر خير آني مالفة باها
 روح جيب وحدة و رد الصرف",0.9962912201881409
ARQ-test-0242,"ضارب معاه
 شفتي العروسة",0.9826048016548157
ARQ-test-0243,"العوج هاداك كامل كرهناه بالصح واش نديرو
 نتفسو برك ساعة ساعة ونولو مشنا راح نهربو",0.9997701644897461
ARQ-test-0244,"ولينا رجعنا شرينا االخبز و جينا
 أرواحي معايا ليوم و أرجعي غدوة",0.993351936340332
ARQ-test-0245,"آه صح بلاك تسنا فيها برك
 وش أ سارة أو يعيط لك حفيظ",0.9949434995651245
ARQ-test-0246,"أيا بالسلامة
 سلمي عليهم",0.9942773580551147
ARQ-test-0247,"وحدة وحدة فامي الصيفة أدي برك في دزاير
 كي هربت من الدار لبست الجلباب هكا",0.9810938239097595
ARQ-test-0248,"ﭬﺪاه الساعة على ﭬﺪاه يبدا الفيلم اداك
 على السبعة و لوخر تانا على تمنية",0.9926819801330566
ARQ-test-0249,"مالا نحيهولك
 آه نحيه",0.9962986707687378
ARQ-test-0250,"شكون زياني
 لالا ناجي",0.995799720287323
ARQ-test-0251,"ردي بالك رشيدة الحقد يجيب الثار
 راني خايفة منو حبيت برك نعيش",0.9967151284217834
ARQ-test-0252,"شمسو اليوم الخميس رانا نسناو في كلاش لي راه يسنا يخلي جام
 انا مانسوطيش ماشي غير لحمي تشوك الله يا شمسو بكيتني بالشهقة رانا كامل معاك ربي يوفقك",0.9954805374145508
ARQ-test-0253,"شوفوا يا جماعة العينين هدوما تاع ديتو دسيزيون بلاما تسقسيوني
 و انا ما ديتوش رايي ابان ما رانيش داكور",0.9959547519683838
ARQ-test-0254,"راح السيد يديماري التوموبيل تيعو تم مات
 مات و هي ڤاعدة تتحرك التوموبيل",0.9967375993728638
ARQ-test-0255,"لا بيان سور ما نحرڨش
 في الجزيرة يڨولوا دكتورة حرڨت",0.9954099655151367
ARQ-test-0256,"جبدت كلش بيدي
 سورمون ما عرفتش",0.9896995425224304
ARQ-test-0257,"يعطيك الصحة خويا لطفي رانا معاك ديما عقابهم
 ربي يعاونك رانا معاك خويا لطفي كمل كيما هكا",0.9911488890647888
ARQ-test-0258,"تفكرت الهدرة تاع وليد عمي قلت نشريه كان ﻟﭙﺮي تاعو ماشي غالي
 اديت لكتاب جازت الحفلة بيان مديتلو لكادو أومبعد راح صاحبنا الطبيب",0.9804036021232605
ARQ-test-0259,"هاه صح بصح يخرج مع لاڢاست تيعي وسي
 ما تخافيش ما نديهولكش أني نهدر برك",0.9955540299415588
ARQ-test-0260,"روحي راهي تسنا فيك
 أيا سهام بركاي أسكتي",0.9882963299751282
ARQ-test-0261,"يعطيك الصحة ام وليد المعجون جاك هايل
 يعطيك الصحه ربي يوفقك يحفضك نحبك بزاف",0.9981359839439392
ARQ-test-0262,"كاين شي ناس تقتل شحال من واحد من فاميلتهم
 كيفاش حبيتيني نسكت و كل يوم كاين دم واحْزان",0.9883105158805847
ARQ-test-0263,"هاوليك موراك
 تقراي دوك",0.9923403263092041
ARQ-test-0264,"رانا معك خويا شمسو
 شمسو وله غير عندك الحق",0.9846455454826355
ARQ-test-0265,"أهاه ونا بلاصا ايدير هو الماساج لازم سرايدي
 أو لتما المساج أو مش طبيب أداك أو كيني",0.9979157447814941
ARQ-test-0266,"حنا وسي
 الناس كل",0.9987236261367798
ARQ-test-0267,"كبار يروحوا لكندا ؟ حارڨين ؟
 لالا مراد  كيفاش  يحرڨو لكندا",0.9966551661491394
ARQ-test-0268,"والله ما على بالي يا زينب
 ما عنديش كريدي لينيتي الأخرى خمس مية",0.9946371912956238
ARQ-test-0269,"الخطرة الجاية كي نقول لك فيلم ولا مسلسل قولي لي أسكو كملتيه ولا لالا
 نبداو حقا الفرونسي قالو لي في الجامعة هاديك واسمها؟ تاع السيتام القديم  يقريو",0.9996365904808044
ARQ-test-0270,"مبروك عليهم و العقوبة للبنات نشا الله
 ما ﺗقولولي لا فساد لا والو",0.9971181154251099
ARQ-test-0271,"مانسوطيش ديزاد جوكر راني معاك
 بكييتني يا شمسو خويا",0.9985128045082092
ARQ-test-0272,"ما علاباليش اليوم التلاتة ماكاش قراية العشية ما رحتش
 إيه صح بالصح ما جاتش للافاك سور راحت",0.998266339302063
ARQ-test-0273,"مشالله يعطيك الصحة اختي
 يعطيك الصحة خالتي دوجة",0.9906071424484253
ARQ-test-0274,"أنا والله ما كنت مديتها فاها ما كنتش حاطتها قاوية
 هي أي لاباس باها بصح ظروفها لي ما ساعدوهاش",0.9849070310592651
ARQ-test-0275,"حيرة أول مرة نسمع بيها
 و حيلي ڤاع أكتر مالديب",0.9844691753387451
ARQ-test-0276,"أدخلي لداركم يا طفلة ، راه الليل
 هدي كل ما تسمع الرصاص تخرج، آيا أدخلي",0.9820243716239929
ARQ-test-0277,"ڤتلها مادام تفركتو اونسينيون مليح في الزي ولا مليح وش عندو في راسو
 ڤالت لي جيبلنا سيڢي تاعك هاني ديتهولهم و اني نسنا باش يرودولي",0.9987578392028809
ARQ-test-0278,"اكاكا في وجهي أ أسما
 اسمحيلي اي عدات بين صوابعي",0.9953937530517578
ARQ-test-0279,"هدرت مع ولد عمي كونسيرنون السوجي تاع الزواز فهم رايي و هدر مع باباه هو تانا
 ما قبلش باباه و ﭬﺎل له كون ما تتزوس بنت عمك درك يصرى ﭘﺮوبلام مع عمك",0.9937931895256042
ARQ-test-0280,"مي ما عليهش هذا الكورپوس نتاع اليوم يقدر يتقسم على دو سوجي ، لانفورماتيك والسياسة
 ما خلطناش مراد رانا في لاكونتنوتي البارح حكينا على مصر واليوم نحكيو على سوريا",0.9960336089134216
ARQ-test-0281,"قالت لي و يموت على يكوپي
 قالت لها خديجة إيه مالة يخرج حاجة",0.9965214133262634
ARQ-test-0282,"قالو لازم نقتلوهم ولاو دونجي درك
 ولاوا يجريو موراهم في الغابة ما قدرولهمش",0.998965322971344
ARQ-test-0283,"بلاصة في البحر
 شكون ﭬﻠﻚ علاها",0.9922189116477966
ARQ-test-0284,"مازال ما جاوش
 ما عيطتش غنية",0.9940972328186035
ARQ-test-0285,"سي يا بنتي قلت لك ديك الخطرة
 لالا والله ما قلتي لي بالاك قلتي لمنال",0.9986082315444946
ARQ-test-0286,"رحت هكا طلعت، جاتني وحدة راح تديرلي اونتروتيان
 على بالك واش؟ ما تعرفش واش هو لوراكل",0.9989511966705322
ARQ-test-0287,"كاينة وحدة تحفة لي نحكي لك علاها
 فاها سنك كولور تهبل تهبل تهبل",0.9812668561935425
ARQ-test-0288,"كي كنت أنا و خاوتي مع بابا
 و هادي الراحة النفسية خلاتني نبدع فيها",0.9999931454658508
ARQ-test-0289,"أيوب تقرا أومبعد
 راه عندي ﺗﭙﻲ",0.9911860823631287
ARQ-test-0290,"و مبعديكا نردوه بالعربية ساعتين من زمان مينيموم
 عديكا ﭬﻠﺖ نسجل أنا و تسجل سارة",0.9846450686454773
ARQ-test-0291,"ما على باليش كيفاش يقولوها بالدارجة , درك نشوف كيفاش ندير 
 حطيت بالعاني كلمة كتاب باش ما نخليش البلاصة نتاعها فارغة",0.9940006732940674
ARQ-test-0292,"اليوم عييت بزاف
 شحال راهي الساعة",0.9992027282714844
ARQ-test-0293,"روعة الاغنية خويا لطفي
 ربي يحفضك لطفي خويا",0.9296380281448364
ARQ-test-0294,"هدي مليحة منك خويا لطفي
 ربي يهديك خويا لطفي",0.9810580015182495
ARQ-test-0295,"خطرة شافت واحد جايز قالت بقا في بالي حتى و رجلو مقطعة قلت لهم لوكان غير يجيني
 دايمن ﻳقولولها كي تتخطب كاش وحدة العقوبة ليك دايمن يجي في بالها هاداك لي شافتو خطرة وحدة",0.9962819814682007
ARQ-test-0296,"أنا كل عايشين هكاك
 و أنت هاكي تقراي",0.987277626991272
ARQ-test-0297,"لاباس الحمدو لله واش راكي نتيا
 والله ساڢا تاع من النيميرو هادا",0.9986070990562439
ARQ-test-0298,"كل واحدة فيهم تخليني ننوم يا شيخ
 لازم المنام تاعك يكون صحيح يا وليدي",0.9971192479133606
ARQ-test-0299,"عملتي مليح درك تعودي تجي تقراي
 هاني ﭬﺎعدة نجي اليوم وين شفتك",0.9993845820426941
ARQ-test-0300,"يعطيك الصحة ام وليد الف الف جام روعة
 جربتهم يعطيك الصحة والعافية جاوني روعة",0.9866647720336914
ARQ-test-0301,"آه والله ڤالوا لي شهر أقسم بالله مشكلة
 شهر شهر وشيا يخي مشي راديو سكانار",0.9971649646759033
ARQ-test-0302,"ألو مانو واش راكي سا ڤا
 على بالك نسيت باش نعيط لك",0.9915703535079956
ARQ-test-0303,"اني أنا و عايشة نص ساعة وحنا واﭬﻔﻴﻦ لهيه
 عايشة على بالك إنت ما تعرفيش تكدبي خلاه",0.9893215894699097
ARQ-test-0304,"في الليل قالت له أيا نشوفو المخازن
 قال لها هو لالا خلي للصباح",0.9992632269859314
ARQ-test-0305,"مسكين
 ابابابا",0.9975034594535828
ARQ-test-0306,"خوها شهيد مات في التورة
 كانت تحكي كيفاش كانت تقرا",0.9934620261192322
ARQ-test-0307,"على ساعة
 لقيت زوج",0.9955641031265259
ARQ-test-0308,"جاب دﻳﭙﻠﻮم ﺳﭙﻴﺴﻴﺎليتي ميكانيك ڨعد بلا خدمة و من بعد راح للعسكر ﻋﭭﺐ عامين
 و من بعد روح جرب كيما صحابه باه يلڨى خدمة بصح بلا فايدة",0.9980847239494324
ARQ-test-0309,"جاب لي ربي نكتبو أنا
 المرة لي فاتت ما ﻟقيتوش",0.9959413409233093
ARQ-test-0310,"آ صباح الخير وش راكي لاباس
 لاباس الحمد لله وش راكي انتيا",0.9840435981750488
ARQ-test-0311,"راحت ماماه خرجت و خلاتو عند الجارة
 و هي عندها دراري ﭬﻌﺪ يلعب معاهم",0.9981088638305664
ARQ-test-0312,"طمناته باللي راهو مع الخدامة و ما شقاتش روحها حتى تتأكد
 زاد رﭬﺪ مرة أخرى حلم بمرته تڨول له توله بولدك",0.9953468441963196
ARQ-test-0313,"نروحو الكل سليمة أنا تاني غلبت
 حتى أنا كنت رايح نڨول لكم نحبسو",0.9946109652519226
ARQ-test-0314,"يعطيكم صحة كامل بعمو شمسو وليكيب
 لي يشتي شمسو يخبط جام",0.9956571459770203
ARQ-test-0315,"كل واحد يروح لدارو، ما نسحقوكمش دورك، خلاص
 ماتلوميهمش يا ولية ما تلوميهمش الخوف من طبيعة الخلق",0.997664213180542
ARQ-test-0316,"كورپوس مليح , بالصح لازم يتكتب من دارة وجديد
 بالصح الواحد مايكرهش منه على خاطر معمر بالحكايات",0.9961561560630798
ARQ-test-0317,"غير الخير أني على جالك انت عيطت
 على بالي لا ما ڤالت لكش",0.9893708825111389
ARQ-test-0318,"لازم تتكلي على روحك و تستحفظي على روحك
 حاجة ما تدوم في الدنيا هادي أﭘﺎر سلاحك",0.9912914037704468
ARQ-test-0319,"كمال , حبيت نفكّرك على لانڢيتاسيون , على خاطرش راني حاب نبدا في لي ديمارش , راك تعرف كلّش تقيل هنايا
 سليمة   نسيت ما سقسيتكش إدا بديت الخدمة اللي هدرنا عليها الخطرة اللي فاتت في الاجتماع مع كمال وكريمة",0.9964733719825745
ARQ-test-0320,"و هي ما علابالهاش ﺁسكو معاها ولا لالا
 رقد باباه و نام مرتو لولا قالتلو انتبه لوليدك",0.9815049171447754
ARQ-test-0321,"رحت لسبيطار باش ندير كونسيلتاسيون جينرال بان عندي فيبلاس في ليباتمون دكور تاعي
 و لافيبلاس هادي جاتني من لونجين لي حكمتني بكري دارتلي روماتيزم أغتيكولار إﻳﭭﻮ في قلبي",0.9913139343261719
ARQ-test-0322,"انشا الله من فمك الى ربي
 و تاني كاين سكايب ، ماتخافيش",0.9964969754219055
ARQ-test-0323,"قلتلو أرواح معايا للاكافات نشربو قهوة
 بصح كيما علابالك عزو مازال دراري",0.9303662776947021
ARQ-test-0324,"لاباس الحمد لله وش راكي انتيا
 والله ساڢا تاع من النيميرو أدا",0.9914953708648682
ARQ-test-0325,"تعطاك الصحة الخير خويا لطفي
 الله يبارك عليك لطفي تعجبني خويا",0.9973900318145752
ARQ-test-0326,"واحد السيد صاحب جدي  طلعوا للجبل مع بعضاهم
 بعدما راح جدي بربع ايام هكاك راح للاﭘﻮست يخلص",0.9898781776428223
ARQ-test-0327,"وش ﻧﭭﻮلولو على الساعة
 ﺑﭭﺪاه تلات ملاين هي",0.9988517165184021
ARQ-test-0328,"نهار أوخر كلش يطيح عليك تتلف لك مين تبداي تحفضي
 والله صح على بالي في أديك الدقيقة نتخلع و نتخربط",0.9997828006744385
ARQ-test-0329,"زيدي قولي لي هدي تاني ما علابالكش بيها
 عنده قرن ملي تحكم كان هارب لمالي ولا النيجر",0.9908934235572815
ARQ-test-0330,"شراه جديد يفخر عليا على تيليفون
 ما نمدش آو عندك خير من تيعي",0.9881778955459595
ARQ-test-0331,"أنا العشية ندير بيك ولا بلا بيك
 خولة وراتلي حورية وحد لافاصون باش تسربي القهوة",0.993711531162262
ARQ-test-0332,"قتلو تْنين و عشرين في بليدة
 وين كان مخبي هاد الحقد و الكره",0.9930449724197388
ARQ-test-0333,"عندك النيميرو تاع حبيبة
 شكون حبيبة طاطا زينب",0.9941849708557129
ARQ-test-0334,"خلاصت واحد لاماتيار برك تاع لفريجيدار
 إيه تسمى مازالو في الستوك أم مخبيين",0.9895824193954468
ARQ-test-0335,"وين كان مخبي الحقد و الكره أدا كل
 ما بقاتش فيها رحمة ﻟڤل لهب أدي",0.9944582581520081
ARQ-test-0336,"ڤال لي كل عام كاين كلاسيكو جديد
 وعلاه كل عام يدير اكيب جديدية",0.9999027252197266
ARQ-test-0337,"فهمتك بلاك عندها علاقة بالاعصاب
 و تنملي وسي أ إيمان",0.9973263144493103
ARQ-test-0338,"أنا حبيت نقراه ومن بعد نعطيك رايي
 أنا بديت نقراه ما زال ما كملتوش",0.9788961410522461
ARQ-test-0339,"كيفماه حتان جاتو الفكرة يدير فيه لانستيتو أدا
 باه يعمر وقتو مالا وش يڤعد يدير",0.9869862794876099
ARQ-test-0340,"قال لها راكي عندك دار
 ماشي تاعي  تاع الحكومة",0.9952665567398071
ARQ-test-0341,"أنا كونتر ندير إضراب
 على ليزيلاڢ ندير إضراب",0.9899126291275024
ARQ-test-0342,"و أنا تما عيطت لي كنت قاعدة نقرا فيه
 ما جبتلناش التصاور  نشوفو مريومة كيفاش دايرة",0.9833774566650391
ARQ-test-0343,"و تبقى ميا يروحو باها للحج
 و تبقى عشرين يديرو باها لعشا",0.999070405960083
ARQ-test-0344,"قاعدة وحدها مقلقة غاضتني فوق اللازم
 لازم الانسان  يكون مومن بالمكتوب",0.9897826910018921
ARQ-test-0345,"واش راه وليدك ريح شوية
 إيه خير من اللي كان",0.988747775554657
ARQ-test-0346,"نهار العين أدي و نهار العين أدي
 لا أنا حكمني لزوز معا بعضاهم",0.9943327903747559
ARQ-test-0347,"ﻧﭭﻌﺪ نكتب بالواﭬﻔﺔ
 كانت مركبة رجل",0.9894035458564758
ARQ-test-0348,"ﻧقعد نكتب بالواقفية
 كانت مپلاسية رجل",0.9911869168281555
ARQ-test-0349,"أنا لعشية ندير بيك ولا بلا بيك
 خولة وراتلي حورية وحد اللقطة باه تسربي القهوة",0.990416407585144
ARQ-test-0350,"هاه مليحة بصح حتى نا عت نستحفظ كي تتشارجا نحي الشارجور و هكا
 هاه ديجا نڤول لك عي تعودي في الدار نحي لاباتري أصلا و اخدمي",0.9887087345123291
ARQ-test-0351,"عاديكا
 أونتريناوا",0.9934477806091309
ARQ-test-0352,"نضن تكون كيما الارض
 كيفاش نشوفو الفرق مالة",0.9973351359367371
ARQ-test-0353,"توصيل الفيديو الى مليون مشاهدة لي معاي جام
 انا نسوطي نفس الوقت مانسوطيش ظرف فارغ",0.9891114830970764
ARQ-test-0354,"فيه جواهر
 وعلاه مليح",0.9926558136940002
ARQ-test-0355,"شمسو ربي يوفقك خويا
 الدمعة طاحتلي خويا شمسو",0.9878679513931274
ARQ-test-0356,"خرجت حففت طلعت للدار فض الجورني
 راسي يوجع بصح مشني حاب نرڤد",0.9901913404464722
ARQ-test-0357,"تسيح بالدم رجلي
 مسكينة سوفرات سوا",0.9967342615127563
ARQ-test-0358,"أديك العين حق بصح ما تقدرش تفسرها حاجة ربي
 تسمى أدوهم الحوايج لي خلاهم ربي أﻣﭙﻮسيبل توصللهم",0.9858226180076599
ARQ-test-0359,"ليمراحش يسوطي غدوا جاام هنا مانسوطيش
 يعطيك الصحة خويا شمسو فالصواب وربي يوفقك",0.9929904341697693
ARQ-test-0360,"أه خطراكش غدوة أي الفاتحة تاع هشام
 تطا أي جاية لبنمهيدي ڤولي لها غير تروحلها",0.9937871098518372
ARQ-test-0361,"و المقرود داراته
 بدات مليكة فيه",0.9943190813064575
ARQ-test-0362,"داتها الحكومة الأرض تاعهم
 راح تعطيهم ربعة ملاير",0.9959548115730286
ARQ-test-0363,"بصح يا فريال ما تمشيش معاها بالنوار ديري بالبلون كاسي حاجة هكا
 يا بنتي أنعلي الشيطان و شكون لي يمشي معاها بالنوار مهبولة",0.9742017984390259
ARQ-test-0364,"ڤالت لي والله ما على بالي
 ڤالت لي كيما ريزو وش نديرو باها",0.9944303035736084
ARQ-test-0365,"كاين لي ﻧﻴﭭﻮ باك نورمال يخدمو خير مني
 و كاين لي يخدمو باريڤزوﻣﭙل بالماستار أن",0.9952066540718079
ARQ-test-0366,"هي مام الشات مليح ، شفت البارح في تلت ايام 600 فراز
 انعم رانا ناڢونسيو  أنا حتى في الفايس بوك وليت نهدر مع صحاباتي بالدارجة",0.9877188801765442
ARQ-test-0367,"فاها سنك كولور تهبل تهبل تهبل
 بصح غالية ياسر تسعميا و خمسين",0.997564435005188
ARQ-test-0368,"رحت غدوة باش نشوف واش نشريلو ﻟقيت واحد لكتاب يهدر على الإسلام بلوﻧڤلي
 تفكرت الهدرة تاع وليد عمي قلت نشريه كان ﻟﭙﺮي تاعو ماشي غالي",0.9983313083648682
ARQ-test-0369,"سيبون آه معدي زاليني و ﺗڤول لي أيوب
 كيما درتي نسلم عليك تحب حتى نسنييلك",0.9994818568229675
ARQ-test-0370,"'كما قلت لكم الخطرة اللي فاتت , نقدرو نپوبلييو في مجلات امپورتانت 
 هدي فكرة مليحة   كي راك تكتب لي ميساج تاعك بالدارجة",0.9951642155647278
ARQ-test-0371,"لوكان جيت  منال نوض نبكي
 حتى هي قالت لي تحبي تاكليه",0.9980701804161072
ARQ-test-0372,"نهار العين هدي و نهار العين هدي
 لالا أنا حكمني لزوج مع بعضهم",0.9881888628005981
ARQ-test-0373,"خطرة شافت واحد معدي ڤالت لك بقا ديما في بالي حتى هو رجلو مقصوصة ﭬﺘﻠﻬﻢ كون حتى يجيني
 ديما ﻳﭭﻮلولها كيما وحدة تتخطب لعقوبة ليك ديما يجي في بالها أداكا لي شافتو خطرة وحدة",0.9780968427658081
ARQ-test-0374,"كمل برك راك فور خويا شمسو
 منسوطيش ابوني 45مليون جام و45مليون معاك الحق يقال",0.9877533912658691
ARQ-test-0375,"يعطيك الصحة شمسو راني معاك منسوطوش هدرتك كامل صح
 كلمات فيديو منسوطيش ديزاد جوكر في قناتي",0.9997279047966003
ARQ-test-0376,"والله ما عابالي أ زينب
 أو نسحق الميكرو نهار لخميس",0.990595817565918
ARQ-test-0377,"أي ملاحة قانون
 يقراها في البلاد",0.9983755946159363
ARQ-test-0378,"ﭬداه عندك الساعة
 درك أي العشرة",0.9985400438308716
ARQ-test-0379,"لازم تجري
 تجري إيه",0.9926246404647827
ARQ-test-0380,"بصح ميمي ما حبتش
 ماما أعطيني فرشيطة تعيشي",0.9927085638046265
ARQ-test-0381,"مالا تحكمهم تاع الخميس
 لالا بالخميس رايحة للعرس",0.9933793544769287
ARQ-test-0382,"هنا ما يقبلونيش لكلاسمهن مشو مليح
 صح كاينة منها تسمى لهيه يقبلوك",0.9890149831771851
ARQ-test-0383,"يقنع في المسلمين باش يتنصرو و يعودوا مسيح
 واش داروا حكمو الهدرة تاعه هاديك و نشروها",0.9937026500701904
ARQ-test-0384,"درك اني بديت في دومان باينة راح نكمل فيه
 بصح تام تيعي تاع لماستار يحكي على الدومان أدا",0.9863433241844177
ARQ-test-0385,"و درك بديتي ولا مازال
 آه بديت ﻧﭙﺮﻳﭙﺎري للباك تيعي",0.9847577214241028
ARQ-test-0386,"و مبعديكا كي خرجت ﭬﻠﺖ نعدي عليها
 تشوفي رحت عند الخياطة نعتتلي وحد ليمودال يهبلو",0.9975690841674805
ARQ-test-0387,"روعة كي العادة لطفي
 فور خويا لطفي ديما",0.9965088367462158
ARQ-test-0388,"و لخرى قالتلنا جيبولي كادر نحطو فيه البحوت تاعنا
 و  دوك  واش عطاوكم خدمة واش عندك غدوا",0.9936285018920898
ARQ-test-0389,"ما شفتوش لا ما شفتهاش
 لاﭘﻮليس ﭬﺎلوا كان يقرا هنا",0.9848527908325195
ARQ-test-0390,"اﻟﺸﻴﭙﺲ مضر بالصحة
 الجو مضر بالصحة",0.9866601228713989
ARQ-test-0391,"خيطتلها جبب باش تلبسهم
 و الطفلة راحت لكندا",0.9817743897438049
ARQ-test-0392,"وعلاه هو عاقل صح و ناس ملاح
 الحمد لله انا نعرف غير الطيبين",0.9985036849975586
ARQ-test-0393,"ايه دوك نقوللها
 ايه رانا تهنينا",0.9891504049301147
ARQ-test-0394,"آه بديت ﻧﭙﺮﻳﭙﺎري للباك تيعي
 و بديتي تحفضي ولا مازلتي",0.9994643330574036
ARQ-test-0395,"بتلاتين ربعين أو كاين واحد الروايح صغار ڤاع قد هكا
 نسيت أسم  الماركة تاعهم   معروفة بزاف في فرنسا",0.9888365864753723
ARQ-test-0396,"أم يحتاجوا لانفورماتيك
 لانفورماتيك ما طلبوش",0.9880951046943665
ARQ-test-0397,"قال له يدي من تراب ضربت وجهك لي مخلوق من تراب
 قال له هكاك الشيطان مخلوق من نار و يتحرق في النار",0.9971101880073547
ARQ-test-0398,"رحتي عند نصيرة
 راهي مسلمة عليك",0.988075852394104
ARQ-test-0399,"شوفي ميدسا قالولي واحد في الدرعان مليح
 بصح شوفي تجيبلي لادراس الطفلة ما جابتهاليش",0.9399464726448059
ARQ-test-0400,"ما ﺗڤولي ليش أنا لي عينتك
 و انا وين على بالي بيك",0.9950908422470093
ARQ-test-0401,"خساني والله نتا مبدع ربي يحفظكم ناس السطح
 تستهل تحية ياسي الطاهر ميسوم زعيـم",0.9911347031593323
ARQ-test-0402,"آه صح بصح أي ما جاتش للافاك سور راحت
 ربي يهديها على بالك غابت ياسر ما تخافش يخرجوها",0.9900036454200745
ARQ-test-0403,"ناديا بعد
 أيا مليح",0.996423065662384
ARQ-test-0404,"جامي اعجبني فيديو كيما هدا يعطيك الصحة شمسو
 فيديو روعة بكل معانيه نستعرف بيك خويا شمسو",0.9859543442726135
ARQ-test-0405,"الإيامات هدي غدوة
 خلي السمانة الجاية",0.998991072177887
ARQ-test-0406,"كي فاتت تلاته سنين ولدت مرته الجديدة زوز بنات و طفل
 مرت باباه ما تتهلاش بالطفل اللي عمره ما يفوتش ربعة سنين",0.9958822727203369
ARQ-test-0407,"آني نعرفك
 وش توكل",0.9978002309799194
ARQ-test-0408,"قالت له تسمى شعر بنتك موسخ
 قالها على بالي شريتلها الدواوات ڤاع",0.992140531539917
ARQ-test-0409,"شكون منال
 أمها نادية",0.9934579730033875
ARQ-test-0410,"سادﻳﭙﻮن الخدمة لي تخدمي فيها أسوكو يخليوك تقراي ولا لالا
 ﭘﺎسكو البيولوجي وعلاه البيولوجي نروح نخدم في حاجة حتى عند الفارماسي",0.9977886080741882
ARQ-test-0411,"ربي يحفظك شمسو انت صح راجل
 الله يحفظك خويا شمسو هايل بزاف",0.9758114218711853
ARQ-test-0412,"يخي كنت معايا أ سارة
 أها أنا ما سمعتهاش أدي",0.9923859238624573
ARQ-test-0413,"دزيري وعنابي
 وش رايك",0.9655377268791199
ARQ-test-0414,"ابداو اهدرو
 لوكان شفتي",0.987185537815094
ARQ-test-0415,"كيما حبيتي
 مالة عيطلنا",0.9994574785232544
ARQ-test-0416,"منين  من اﻟﭙﻮرتابل
 لالا  هدا تاعي",0.9989233016967773
ARQ-test-0417,"أسامة صح سلو كانو عايشين في النورڢيج
 ايه سلو نعرفو بصح ما علاباليش",0.9792271852493286
ARQ-test-0418,"وعلاه هنا ما يديروش تاست
 وين هنا أم يديرو لكلاسمون",0.9910225868225098
ARQ-test-0419,"خاطرماه أنا إيتوديونت و حابة نكمل قرايتي قبل الزواز
 بصح عوايدنا و عوايد بابا ما تخليش الطفلة ﺗﭭﻮل رايها",0.9984111785888672
ARQ-test-0420,"وصل الوقت وين التيليفون يشعل وحدو
 درك يڤولولو وش تهدر هيا و سيبون",0.9960397481918335
ARQ-test-0421,"آتي أ سارة والله درك وين جبتها
 ﺣا نڤول لك حطاها امبعد أقراي",0.993850588798523
ARQ-test-0422,"عندها شحال و مازال ما خيطتهاش
 اليوم وين عطاتها لي ديتها لها",0.9938433170318604
ARQ-test-0423,"لوكان برك لا تاي ما تنقصش ياسر
 نشالله سليمة المهم احنا ديمة رابحين",0.9879342317581177
ARQ-test-0424,"و زيد على بالك وش
 نسيت وش كنت ﺣا ﻧﭭﻮل",0.9965722560882568
ARQ-test-0425,"اﻟﺸﻴﭙﺲ ماشي مليح
 الجو مضر بالصحة",0.9837967753410339
ARQ-test-0426,"أنا قلت نزوجو كاش ما ينوب عليه ربي
 وعلاه ما تجيبوش واحد ربيوه واديو حسانتو",0.9998745918273926
ARQ-test-0427,"و تبقى عشرين يديرو بيها لعشا
 يدبر راسو يزيد عليهم و يشري دار",0.996043860912323
ARQ-test-0428,"سييت تحطو في ميكرو واحداخر
 كيفاش نجيب  يو س ب فيكس ؟",0.9957026839256287
ARQ-test-0429,"مسالخير سليمة واش راكي لاباس
 الحمد لله كريمة و انت",0.9998375177383423
ARQ-test-0430,"شتي و انا راني ندور بالحفا
 ايا إنت روحي البسي بليغة ولا أخطيني",0.9914205074310303
ARQ-test-0431,"كانت مركبة رجل
 تسيح بالدم رجلي",0.9898936748504639
ARQ-test-0432,"اسكتي عليا
 سـﭭمتي روحك",0.9836426377296448
ARQ-test-0433,"راهو ﻳقولهم حرام عليكم أنا باباكم
 باش ﺗقوليلي ما دارش فيهم دار",0.9982655644416809
ARQ-test-0434,"وا صوتك روعة والله زهير بهاوي
 واو صوت روعة احساس في القمة",0.9900750517845154
ARQ-test-0435,"ابوني ترجعلك خو
 ربي يحفدك خويا شمسو",0.9919232130050659
ARQ-test-0436,"جامي قريت و نا فرحان
 ڤال لي علاها لكوزان تيعك",0.9934872388839722
ARQ-test-0437,"رد بالك عندك كلمات بزاف بالفرنسيسة , واحد ما يقول دو مي تاع 
 عندي زوج سوايع ملي رحت ما قعدتش حتى خلاصت لا كونف عندي خدمة بزاف",0.9859451651573181
ARQ-test-0438,"نتا لسانك طويل
 أسمعي ما خلصتنيش",0.990850567817688
ARQ-test-0439,"أرواح هنا حكمتك
 وري يدك حكمتك",0.9963302612304688
ARQ-test-0440,"ﭘﺎسكو البيولوجي وعلاه البيولوجي نروح نخدم في حاجة حتى عند الفارماسي
 مام بصح مات و انفورماتيك و كونتابيليتي ملاح تخدمي في لابنك تنجمي",0.9967803359031677
ARQ-test-0441,"جامي حلاوة لالجيري كي تعود في المناسبات العيد و رمضان
 ما تشوفيش الحاجة اكي عايشتها و مبعديكا تروح من بين يديك",0.9837580919265747
ARQ-test-0442,"تآمن أسامة خويا انا هداك الأستاد من الدقيقة الاولى ما عجبنيش
 انت كنت دايمن تقول مليح و كلش بصح انا ما رتحتلوش",0.9920268058776855
ARQ-test-0443,"وقتاش حكيتيلي عليه ما شفيتش
 و الله قلت لك عليه",0.9836583137512207
ARQ-test-0444,"مها هو سورمون يعرف كاش واحد يعيطلو برك پار تليفون
 شفتي كون ديت النيميرو تاع أداكا لي يسكن في داغوسة",0.9940688610076904
ARQ-test-0445,"دارو أكسيدون
 كاين لغاشي",0.9922963976860046
ARQ-test-0446,"اه مش كيما هكا مش قضية ديكونكور
 وش معناها سي سي اف سح",0.9982312321662903
ARQ-test-0447,"غير المنام اللي باطل في هاد البلاد
 راكي تشوفي واش راني لابسة يا بنتي",0.9981266856193542
ARQ-test-0448,"بصح هو اللي حب على لحداش
 هادي صح انا پروپوزيت العشرة و نص",0.9926915764808655
ARQ-test-0449,"سادﻳﭙﻮن واش كاين في الخدمة تاعه
 غاب دارو فيه الشي هدا ﭬاع",0.9998005628585815
ARQ-test-0450,"إنت منك ليه
 إيه تاع أنفورماتيك",0.9917328357696533
ARQ-test-0451,"قريب نشا الله
 مليح نشا الله",0.9982532858848572
ARQ-test-0452,"من بعد نشالله
 يعطيك الصحة كريمة",0.9903517961502075
ARQ-test-0453,"لا مشني داكور
 هكا ترجع عربية",0.9887138605117798
ARQ-test-0454,"أنا الجزائر كيما لافامي ما نخيروهاش نحبوها و خلاص
 أنا نتوحش غير لافامي سينو أي ليهم الجزاير",0.995449423789978
ARQ-test-0455,"شديد العقاب على اللي يعصيه
 ما تعنديهاش دايمن دايرة هاكدا",0.9926946759223938
ARQ-test-0456,"بالصح حاجة ما تصرالك
 تنحاتلي الريحة ما بقاتش",0.9909748435020447
ARQ-test-0457,"البارح معنتها عندها بزاف في الغنا
 وي يقدر يحكي على دكرياته في الفن",0.9913623332977295
ARQ-test-0458,"لازم تسايسيهم و تعرفي كيفاه تدخلي لهم
 سايست سايست ما قدرتش ما قدرتش على بالك",0.9894995093345642
ARQ-test-0459,"ما تشوفش القرعة   القرعة هاديك تتعمر أم يتباعو
 لالا على بالي و تتعمر بخمسة و عشرين ألف",0.9939724802970886
ARQ-test-0460,"ماكانش عندي الدراهم
 دوك نولي سارة",0.996736466884613
ARQ-test-0461,"حبيت تعرف المعنى نتاعها
 يعني القرامد الكل طايرين",0.9964265823364258
ARQ-test-0462,"لطفي فور شابة بزاف
 ربي يبارك فيك لطفي فور",0.9886199235916138
ARQ-test-0463,"مكانش مشكل
 معروضين اسمعي",0.9943875670433044
ARQ-test-0464,"بداو في أكتوبر يقراو في النهار
 أنا بلاك بربي نشا لله نسجل فيه",0.985336184501648
ARQ-test-0465,"شكرا ليك ام وليد وصفةرائعة
 ام امـين سلام حبيبتي",0.9973247647285461
ARQ-test-0466,"كيفاش تقولي هدا العبد مقدرة له يصرا له كيما هكا و  ما علاباليش
 و بين لي  كيفاش ابليس مخلوق من النار و يتحرق في جهنم بالنار",0.9010031223297119
ARQ-test-0467,"لا حول و لا قوة إلا بالله
 دخلت في التوموبيل تاع راجل سميرة ادﭬﺪﭬﺖ خلاه",0.9985686540603638
ARQ-test-0468,"رحت هكا طلعت جاتني وحدة راح تعملي اونتروتيان
 على بالك وش ما تعرفش وشي هو لوراكل",0.9902902245521545
ARQ-test-0469,"مازالت عندك الدودة تاع اﻟﭙﻮرتابل
 كي يكون العبد فارغ شغل",0.9964531660079956
ARQ-test-0470,"ترجمهالي وحدو
 ابداو اهدرو",0.997744083404541
ARQ-test-0471,"أيوب تقرا امبعد
 أو عندي ﺗﭙﻲ",0.9957612156867981
ARQ-test-0472,"ميمي أدي هادي لماما قوليلها تدوق
 ماما هاكي قالتلك سارة دوقي إلا طابت",0.9987182021141052
ARQ-test-0473,"صح منك هاداك يتاستيو بيه النسا
 قالولي باش تشوف إلا تعرف ولا لالا",0.9885558485984802
ARQ-test-0474,"لا مش أكاك أ فريال درك في سيدي عمار يتمهبلوا
 أهاه ما طيشيش لكلام لي مشو مليح أ بنتي",0.996785044670105
ARQ-test-0475,"نقرى درك
 على قداه",0.990171492099762
ARQ-test-0476,"والله ما على بالي فيهم كل ولا لا
 ساعات تنفحلي على اﻟﭙﻮرتابل و ساعة نڤول نرجع للساﻣﭙﻞ",0.9963642358779907
ARQ-test-0477,"تاع دار مكانهمش
 نظفتي الكرشة اديكا",0.9998141527175903
ARQ-test-0478,"درت مليح شمسو ربي يوفقك
 ربي يحفظك خويا شمسوو",0.968195915222168
ARQ-test-0479,"كاين أدا واكاين دعاء وحدوخر
 تموت قبل ما يجي هوا",0.9992005228996277
ARQ-test-0480,"أسمعي حتى لعراس خلاصو باش نتلاقاو شفتي
 شفتي والله أنا عندي العرس تاع عبد النور",0.9892987608909607
ARQ-test-0481,"و مازال كتبت برك في ڤوڤل أمثال جزائرية خرجوا معمرة
 الناس راهي تشارك شويه   شوفوا هذا   الديكسيونير   فرنسي دارجة",0.9882556796073914
ARQ-test-0482,"أنا البارح بديت نكتب لي ايمايل تيعك بالعربية
 نضن لازم نكتبو في زوز سليمة بالدزيري وانا بالعنابي",0.9959949851036072
ARQ-test-0483,"روعة روعة احسنتي سهيلة ربي يوفقك
 روعة في القمة سهيلة برافو",0.9988011121749878
ARQ-test-0484,"ربي يهديها على بالك غابت بزاف ما تخافش يخرجوها
 أسنايني  ميمي دوك نجي و أحكي لي",0.9902201890945435
ARQ-test-0485,"قالت لي ارميه قلت لها ما نرميهش
 هيا هدي تندار نرمي الستيلو  قدام الراجل",0.9771323800086975
ARQ-test-0486,"يعيطلنا الجبورة
 يا وعلاه",0.992229700088501
ARQ-test-0487,"وين راح تلڤايه أصلا اللحم تاع لحصان
 ڤلك حريق في قسنطينة كشف تروة حيوانية كبيرة",0.9879946112632751
ARQ-test-0488,"إيه صح بالصح ما جاتش للافاك سور راحت
 ربي يهديها على بالك غابت بزاف ما تخافش يخرجوها",0.9916051030158997
ARQ-test-0489,"لوكان راهي قلبت الدنيا
 مازالت الدنيا ﻣقلبة عندك",0.9932363033294678
ARQ-test-0490,"وين راهي سليمة
 لازم اترجم مراد",0.9934630990028381
ARQ-test-0491,"أنت أنت عابالك بروحك درتي حاجة
 ياو كل يوم مشني ﭬﺎعد نصلي",0.9856482744216919
ARQ-test-0492,"احسبي درك تخرجلك
 باهيين في الزي",0.9962142109870911
ARQ-test-0493,"إيه قريت سليمة
 على بالي كريمة",0.9800182580947876
ARQ-test-0494,"قلتلو يقولو أمي كم أهواها و أشتاق لرؤياها
 قاللي المرة اللولا لي فهمت من فمك دوك",0.9884631037712097
ARQ-test-0495,"كل مرة هكدا
 كل نهار هكدا",0.9889456629753113
ARQ-test-0496,"ما نعرف الساعة صحيحة تيعي
 ﺣﭭﺎ أني جبت المغرف الصغيرة",0.9893335700035095
ARQ-test-0497,"دزيري ، وقيلا باين مراد ما يسهرش ياسر
 بصح هو الي حب على  لحداش",0.9928452372550964
ARQ-test-0498,"مي ما عليهش هذا الكورپوس نتاع اليوم يقدر يتقسم على دو سوجي ، لانفورماتيك والسياسة
 ما خلطناش مراد رانا في لاكونتنوتي البارح هدرنا على مصر اليوم نهدرو على سوريا",0.9906080961227417
ARQ-test-0499,"وي داكور حسبت راكي تهدري على لي جون تاعنا
 هادوك مساكن عايشين وخلاص  المهم ما يولوش لهنا",0.99751216173172
ARQ-test-0500,"مالة وعلاش ما نجيبوش الغنى كاين بزاف منهم
 خممت فيها في اللول مي ما لقيتش حاجة كبيرة",0.986935555934906
ARQ-test-0501,"و انا قجر أرواح أي لهنا أعطهالي
 جات وحدة في التيلي رجلها مقصوصة دارت أكسيدون",0.9952786564826965
ARQ-test-0502,"بلون و موڢ
 لي تروحي بيها",0.9969032406806946
ARQ-test-0503,"و كاين واحد تما شفت عنده سنديلة بيضا كيما تاعك
 شفت عنده حبات عجبوني ما نعرف نلقى عنده هداك ولا لالا",0.9871202707290649
ARQ-test-0504,"يخي كنتي راح تحكي لي على مليك
 هيا مالا غدوة نشالله صحة في لامان",0.996692955493927
ARQ-test-0505,"ماعندك ما راح أدير نضت على السبعة و نص تكره حياتك
 سمعت  خويا ، نقول لك شحال مازال على ﻟﻴﭭﺎكونس",0.9891167283058167
ARQ-test-0506,"صباح الخير وش راكي لاباس أ لبيبة
 لاباس الحمد لله و شكون معايا",0.9864969849586487
ARQ-test-0507,"قالتلهم جامي شفتكم
 خزرت فيهم أنايا",0.9923755526542664
ARQ-test-0508,"كل يوم نعاود نشوف الفيديو ربي يحفظك شمسو
 هيا لي ما صوطاش يدير جام هه",0.9992291331291199
ARQ-test-0509,"و أدا ﭬﺪاه
 حطهم في صاشي",0.9860518574714661
ARQ-test-0510,"الله يبارك طاطا ام وليد الله يعطيك الف صحة
 يعطيك الصحة الفحله وصفة بنينه سريعه وخفيفة",0.9954037666320801
ARQ-test-0511,"هنا سارة كانت تغسل في ﻟﭭﺮابج تاع النحاس
 ليامات ادي مازال شوي برك و يجيو يشوفو أختي",0.9910513758659363
ARQ-test-0512,"بعدما راح جدي بربعايام أكاك راح للاﭘﻮست يخلص
 راح لبرا شوية لتم على التسعة تاع الصباح مات",0.9948458671569824
ARQ-test-0513,"يديوها غدوة غدوة حتي  يخلاص العام
 هاديك هي يقراو غير شهرين ولا تلاتة",0.996802031993866
ARQ-test-0514,"مرتو حتى اداوها للطبيب
 قالت لي ماما أونسانت",0.9855561256408691
ARQ-test-0515,"يخش في أدا ﭘﺎر إيڤزوﻣﭙﻞ يبقى
 ڤلك ما يقدرش يخش فيك سادﻳﭙﻮن إيمانك",0.9946194887161255
ARQ-test-0516,"والله فضت ديجا
 بڤداه أديكا عمرتاها",0.9942967295646667
ARQ-test-0517,"والديك ميتين يحييهم لك
 من الربعة وانا نايض",0.996393620967865
ARQ-test-0518,"وين يداها
 يداها تقرا",0.9890873432159424
ARQ-test-0519,"ميمي مدي لماما السكرية
 ﺣقا ليكنترول في فيفري",0.9980224370956421
ARQ-test-0520,"رد بالك عندك كلمات ياسر بالفرنسيسة , واحد ما يقول دو مي تاع 
 عندي زوز سوايع ملي روحت ما قعدتش فتى فضت لاكونف عندي ياسر خدمة",0.9564986228942871
ARQ-test-0521,"عشرة شوية
 نشري عشرين",0.9848999381065369
ARQ-test-0522,"هيا زعمة انا لي حا نسقسيك
 هيا وعلاه حابة تكملي قرايتك هنا",0.9883115291595459
ARQ-test-0523,"ﭬﺎلت لراجلها روح زيد ازوز بلاك يجيك طفل
 ڤولي لها هو ما بقتيش تعاودي الهدرة أدي",0.9986358284950256
ARQ-test-0524,"قوة خويا لطفي قاسح
 ربي يحفضك خويا لطفي",0.9958933591842651
ARQ-test-0525,"كتبتلي شكرا يا برشوش بنت البكوش
 اي بدلت عيشوش و كتبت رشوش",0.9945235252380371
ARQ-test-0526,"أكتب الجملة أدي ولا ما عجبتكش أدي تانا
 نتا كون جات ليا والله ما ازوزتاها خاطيك التربية",0.9936751127243042
ARQ-test-0527,"تسمى محسوب ﭬدي بصح تبان طويلة عليا ولا ﭬروند دو تاي سمينة شوية برك
 أي ازوزت أديكا سايي عرسها عندو واحد و عشرين يوم في لوسات نوفمبر كان عرسها",0.9994182586669922
ARQ-test-0528,"والله نجحت جات اللولة ﭘﺎرمي أدومك الكل
 آه ڤالت لي في اللوﭘﻴﺘﺎل ترسمت",0.9897661805152893
ARQ-test-0529,"سنيت بالخميس شفت ليمايل تاعي فالصباح و فالعشية و بالجمعة و بالسبت ما لقيت والو بعت له ايمايل قلت له راني نسنا
 رجعلي قالي لالا پاسكو ما عندوش الوقت و يپريپاري في دوكتورا و راح يسوتني و كدا و ما عندوش الوقت",0.9997201561927795
ARQ-test-0530,"لالا حول و لالا قوة إلا بالله
 دخلت في التوموبيل تاع راجل سميرة ادﭬﺪﭬﺖ ڤاع",0.9938613176345825
ARQ-test-0531,"الحق ما نصليش  كل يوم
 صح الصلاة هي اللي تأثر فيك",0.9958833456039429
ARQ-test-0532,"و تبقى عشرين يديرو باها لعشا
 يدبر راسو يزيد علاها و يشري سكنة",0.9036293029785156
ARQ-test-0533,"موراهم جوكروا
 حنا أوسي",0.9943957328796387
ARQ-test-0534,"أقسم بالله يفهموا غير بالعصا هبلوني تعرفي
 أول مرة نشوف وجهك كيما هكا",0.9985309839248657
ARQ-test-0535,"والله بديت نتقلق منه هدا
 واش بيكي واش دار لك",0.9959830641746521
ARQ-test-0536,"قال له إيه ماقدرتليش علابيها ضربتيني بكف
 قال له هدا هو الجواب تاعك",0.9969496130943298
ARQ-test-0537,"أ مختار أو هبل الطفلة
 خليني نبرد ﭬﻠﺒﻲ أ مختار",0.9996078610420227
ARQ-test-0538,"سلام عليكم اختي ام وليد جربت هذا المسمن روعة روعة يعطيك الصحة
 يعطيك الصحة على كل الوصفات لتقدمي فيها ربي يوفقك",0.9841252565383911
ARQ-test-0539,"ﭬﺪاه في عمرها بنتو
 ربعة ولا خمسة سنين",0.9964267611503601
ARQ-test-0540,"طناش دقيقة
 ﭬﺮيب نفضو",0.9863954782485962
ARQ-test-0541,"أرواحي نڤول لك أ ملاك أكتبيهولي لهنا لي يتحرك
 لي يتحرك يدي زوز ضربات من عندي بالعصا",0.9996654987335205
ARQ-test-0542,"شفتي و انا ﭬﺎعدة ندور بالحفا
 أيا انتيا روحي البسي طرباقة ولا اخطيني",0.9947810769081116
ARQ-test-0543,"عادو الناس يتباكاو بديت نهدر من قلبي تقول نهدي فالناس
 بكيت الناس كامل سكتو تخلعت في روحي تقول كنت ننوم",0.9959195852279663
ARQ-test-0544,"ڤال لي پاپا المفتاح تاع الڤاراج وينو المفتاح تاع الڤاراج
 آه عندي في اﻟﭭﻴﺴﺘﺎ الكحلة شوفي الڢيستا الكحلة تيعي",0.9965007901191711
ARQ-test-0545,"بصح أنا ما فهمتش كيفماه حنا نسكنو هنا و نشكيوا لهيه
 بكري كي كان كلش نورمال كنا نخلصو التليفون و الكنكسيون في بوزراد",0.9881134033203125
ARQ-test-0546,"لا المطرح
 ايه إيه",0.9917870163917542
ARQ-test-0547,"ساهلين خلاه يبانوا درك نجربهم سيرتو أداكا تاع اﻟﭭﺎتو
 هاهم أ ماما لي طيبتهم كامل جابت حطتهم هنا",0.9945977926254272
ARQ-test-0548,"كانز دينار
 كاين السوارد",0.9895678162574768
ARQ-test-0549,"لالا ماشي كيف كيف مقبيلة لوكا لي عطيتيهولي انت راني عندي زوج اختيارات يا في فرنسا يا هنا مادام عندي لاشونس راني نخدم في بلادي و لاقية مستقبلي هنا مادابيا نقعد هنا بالصح أنا ما عنديش مستقبل هنا في بلادي وعلاه نتلفت لها
 لالا دوك كيما نقولو حنا  الدنيا هدي مكتوب و كل واحد و مكتوبه بالصح شوفي بالاك بلادنا ما فيهاش الحوايج هادوما ملاح و المستقبل مجهول اسكو مليح ولا لالا بالصح الحاجة لي كاينة في بلادنا وما تلقايهاش لهيك واش هي",0.9936709403991699
ARQ-test-0550,"والله على بالك البارح تقلقت ڤاع على شعرة كنت رايحة نبطل الخطبة هدي كامل
 لالا لالا لالا بالعقل برك وداد  الحكايات هدوما كامل يصراو راكي على بالك",0.994825005531311
ARQ-test-0551,"في الصباح درتلهم محفوظات و في العشية عندنا امتحانات سمانة كامل
 غدوة زوج تاني عندنا في الصباح مدنية و العشية بدنية",0.9889892935752869
ARQ-test-0552,"يزي برك ربي خاطي من الظلم أدا
 الشي أدا لي ﭬﺎعد يصرى جاي من العباد",0.987479031085968
ARQ-test-0553,"ليزنترن هما اللي ما يدخلوش بكري
 يديوها غدوة غدوة حتي يفض العام",0.9977039098739624
ARQ-test-0554,"ڤالت لي مزالت وحدوخرا ما فضتش
 ڤالت لي نهار أوخر أني نعيط لك",0.9844949245452881
ARQ-test-0555,"أنا ما قريتش و اني هابطة دوك لسوونترڢيل
 سنينا ما قريناش وليت حبطت نفري شغالاتي",0.994705855846405
ARQ-test-0556,"شكون هادا لي كان في النورڢيج
 واحد المرة قالو لقريعي واش بيكم وليتو",0.9902042150497437
ARQ-test-0557,"كيغير مات جدك أنت
 ما عندوش سمانة آه",0.9974609017372131
ARQ-test-0558,"كاين بزاف لي فيلم في رمضان
 لازم عليك تقولي للطلبة يعاونوك هذ العام",0.9813340902328491
ARQ-test-0559,"أقسم بالله والله ما عندي دورو
 إيه حقا تقدر تعطيني الميكرو غدوة",0.9999590516090393
ARQ-test-0560,"وعلاه؟ هنا ما يديروش تاست ؟
 وين؟ هنا ؟  يديرو لكلاسمون",0.9918919801712036
ARQ-test-0561,"حطوه معاها مسكين
 أفيشاو لمتحانات شفتوهم",0.994174063205719
ARQ-test-0562,"يعطيك الصحة ام وليد ممكن ديرلنا وصفة مقروط الزمباعة شكرا لمجهوداتك
 باينة بنان اليوم نديرهم للعشاء شكرا حبيبتي ام وليد",0.9923028349876404
ARQ-test-0563,"حكمتني تغديت
 طيبت كسكسي",0.9886146187782288
ARQ-test-0564,"ﭙﺎسكو ما عنديش واحد
 أنا تانا والله كيفك",0.9908500909805298
ARQ-test-0565,"كيفماه ﺗﭭﻮلي هدا العبد مقدرتلو يصرالو كيما هكا و ما على باليش
 و بينلي بلي كيفاه بليس مخلوق من النار و يتحرﭪ في جهنم بالنار",0.9953627586364746
ARQ-test-0566,"و المقروط دارتو
 بدات مليكة فيه",0.9998533129692078
ARQ-test-0567,"بالاك الروح تاعه
 كيفاش؟ تطلع هكا",0.9905736446380615
ARQ-test-0568,"هاد الوزير شوية لوجيك ، داير دي زتود تكنيك
 صح ، بالصح القراية تقعد حاجة نعياو عليها",0.9999215602874756
ARQ-test-0569,"آني حالفة كيما نحكمهم نشري بيهم سكنة
 ڤال لها  اكي عندك سكنة",0.9946456551551819
ARQ-test-0570,"واو اغنية روعة تحيا بلادي
 روعة روعة احسنتي سهيلة ربي يوفقك",0.9993283748626709
ARQ-test-0571,"ما عندوش سمانة آه
 عندو درك تبنلي سمانة",0.9791724681854248
ARQ-test-0572,"ايه سلو نعرفو بصح ما علاباليش
 شكون هادا لي كان في النورڢيج",0.9968888163566589
ARQ-test-0573,"حا نلبس زوز برك يزي
 فاها ألف براكة أ خويتي",0.9852731227874756
ARQ-test-0574,"يعطيك الصحة خويا لعزيز راك مبدع منسوطيش
 ربي يحفضك شمسو فيديو يهبل يعطيك الصحة",0.9824894070625305
ARQ-test-0575,"ما تخممش على التنواع كمال رانا متهليين فيها
 حتى لدوك حكينا على كلش حتى على لا پولتيك",0.9790909886360168
ARQ-test-0576,"يا ميمي مسابقة لتوظيف أعوان اداريين
 على بالك عون اداري أي طايحة خلاه",0.9823600053787231
ARQ-test-0577,"آكي بيان سليمة
 مرحبا بيك سليمة",0.9811877608299255
ARQ-test-0578,"جانفي يكون هنا لا
 آه ما نبقاش لجانفي",0.9951707720756531
ARQ-test-0579,"كاين ياسر حوايج
 سورتو لا دروڨ",0.9869648814201355
ARQ-test-0580,"درك ما نقدرش نقول لك راني ماستر مازال ما كملتوش
 نو لازم لازم يكون عندك تام ما كان حتى حاجة",0.9924752712249756
ARQ-test-0581,"مراد ﭬبالي ما جاش دا كونجي اليوم
 البارح تاني ما تكونكتاش بكري درك يجي",0.9873570203781128
ARQ-test-0582,"تسمى أدوهم الحوايج لي خلاهم ربي أﻣﭙﻮسيبل توصللهم
 دير وش حبيت الشيطان ما تقدرش تشوفو",0.9947351217269897
ARQ-test-0583,"دارت البقلاوة كوكة سايي
 لالا مازال اليوم تبدا",0.9953094124794006
